n,M,Standart M,M diff,D,Standart D,D diff
10,0.7810365903428695,0.5,0.28104,0.1358885370419594,0.08333,0.05256
100,0.1992028245877624,0.5,0.3008,0.17272910334007052,0.08333,0.0894
1000,0.500810694361279,0.5,0.00081,0.08643707872871965,0.08333,0.00311
10000,0.29328792207074983,0.5,0.20671,0.12315036480988804,0.08333,0.03982
