n,M,teoretical M,M diff,D,teoretical D,D diff
10,0.5542919214811838,0.5,0.05429192148118378,0.04831819296422148,0.08333,0.03501180703577852
100,0.4495506039861564,0.5,0.05044939601384357,0.08746921252756251,0.08333,0.004139212527562511
1000,0.49685250815229187,0.5,0.003147491847708128,0.08304170826071058,0.08333,0.0002882917392894174
10000,0.5029867078730502,0.5,0.0029867078730502206,0.08445137008102573,0.08333,0.0011213700810257243
